Workbook
Name NativeTimeline_UpdatedDate: #N/A
Name Slicer_Country: #N/A
Name Slicer_SourceSystem: #N/A
Name Slicer_Status: #N/A
Name Slicer_YearMonth: #N/A

Sheet RawData
A1: Address | B1: PostalCode | C1: Phone | D1: Country | E1: CityInput | F1: PropertyID | G1: Status | H1: UpdatedDate | I1: SourceSystem | J1: Notes
A2: FranceToulouse | B2: 32599 | C2: +17-315833500 | D2: France | E2: Toulouse | F2: PROP00001 | G2: Active | H2: 45482 | I2: ServiceNow | J2: Check postal code
A3: Lyon, Donald Cove 35, France | B3: 89197 | C3: +80-319837636 | D3: France | E3: Lyon | F3: PROP00002 | G3: Inactive | H3: 45242 | I3: Planon | J3: Pending validation
A4: UKLeeds, UK | B4: 4406 | C4: +9-597990383 | D4: UK | E4: Leeds | F4: PROP00003 | G4: Inactive | H4: 45259 | I4: Planon
A5: ToulouseJeffery Parkways231, France | B5: 79408 | C5: +41-562032557 | D5: France | E5: Toulouse | F5: PROP00004 | G5: Inactive | H5: 45406 | I5: MDG
A6: AdelaideAnna Stravenue73, Australia | B6: 85682 | C6: +58-662081724 | D6: Australia | E6: Adelaide | F6: PROP00005 | G6: Active | H6: 44973 | I6: Salesforce | J6: Check postal code
A7: USA, Phoenix | B7: 36964 | C7: +75-783458296 | D7: USA | E7: Phoenix | F7: PROP00006 | G7: Inactive | H7: 45086 | I7: Planon | J7: Check postal code
A8: Katherine Estate 93, Germany, Cologne | B8: 92007 | C8: +24-457327975 | D8: Germany | E8: Cologne | F8: PROP00007 | G8: Active | H8: 45240 | I8: ServiceNow | J8: Imported from legacy system
A9: Peterson Drives 204, Germany, Cologne | B9: 28722 | C9: +49-576610421 | D9: Germany | E9: Cologne | F9: PROP00008 | G9: Active | H9: 44972 | I9: SAP | J9: Imported from legacy system
A10: SpainBarcelona, Spain | B10: 13177 | C10: +34-805788258 | D10: Spain | E10: Barcelona | F10: PROP00009 | G10: Inactive | H10: 45573 | I10: SAP | J10: Imported from legacy system
A11: Abbott Rapids 298, Brazil, Brasília | B11: 35172 | C11: +74-707015923 | D11: Brazil | E11: Brasília | F11: PROP00010 | G11: Active | H11: 45768 | I11: MDG | J11: Check postal code
A12: Australia, Perth | B12: 16862 | C12: +19-563762604 | D12: Australia | E12: Perth | F12: PROP00011 | G12: Active | H12: 44924 | I12: SAP | J12: Check postal code
A13: CanadaOttawa | B13: 82898 | C13: +76-641811982 | D13: Canada | E13: Ottawa | F13: PROP00012 | G13: Active | H13: 45943 | I13: Salesforce
A14: USALos AngelesRay Squares47 | B14: 9617 | C14: +28-603554893 | D14: USA | E14: Los Angeles | F14: PROP00013 | G14: Active | H14: 45465 | I14: SAP | J14: Verified
A15: Donna Trail 183, UK, Leeds | B15: 38431 | C15: +43-971324654 | D15: UK | E15: Leeds | F15: PROP00014 | G15: Inactive | H15: 45344 | I15: MDG
A16: ItalyRome | B16: 13739 | C16: +85-846405798 | D16: Italy | E16: Rome | F16: PROP00015 | G16: Inactive | H16: 45347 | I16: Planon
A17: BrazilSalvador, Brazil | B17: 48320 | C17: +27-184834988 | D17: Brazil | E17: Salvador | F17: PROP00016 | G17: Inactive | H17: 45771 | I17: MDG
A18: CanadaCalgary, Canada | B18: 88342 | C18: +28-803880368 | D18: Canada | E18: Calgary | F18: PROP00017 | G18: Active | H18: 45494 | I18: Salesforce | J18: Needs review
A19: UK, Birmingham | B19: 85440 | C19: +41-132506172 | D19: UK | E19: Birmingham | F19: PROP00018 | G19: Inactive | H19: 45832 | I19: SAP | J19: Pending validation
A20: BrasíliaChelsea Extension100, Brazil | B20: 70511 | C20: +67-358446679 | D20: Brazil | E20: Brasília | F20: PROP00019 | G20: Active | H20: 45430 | I20: Salesforce
A21: Canada, Calgary, Frank Light 65 | B21: 35883 | C21: +42-523118317 | D21: Canada | E21: Calgary | F21: PROP00020 | G21: Active | H21: 45200 | I21: Salesforce | J21: Imported from legacy system
A22: Chicago, Gabrielle Ville 211, USA | B22: 7832 | C22: +92-984554908 | D22: USA | E22: Chicago | F22: PROP00021 | G22: Active | H22: 45595 | I22: MDG
A23: GermanyMunichLydia Valley281 | B23: 41848 | C23: +48-719462908 | D23: Germany | E23: Munich | F23: PROP00022 | G23: Active | H23: 45965 | I23: MDG
A24: GermanyCologne | B24: 74842 | C24: +65-946225910 | D24: Germany | E24: Cologne | F24: PROP00023 | G24: Active | H24: 45742 | I24: ServiceNow
A25: ItalyFlorenceLewis Parks198 | B25: 52357 | C25: +69-262946533 | D25: Italy | E25: Florence | F25: PROP00024 | G25: Inactive | H25: 44943 | I25: Planon | J25: Imported from legacy system
A26: Thomas Dam 63, France, Marseille | B26: 32826 | C26: +87-969160078 | D26: France | E26: Marseille | F26: PROP00025 | G26: Active | H26: 45674 | I26: MDG
A27: Burgess Meadow 171, Australia, Melbourne | B27: 76985 | C27: +91-598066265 | D27: Australia | E27: Melbourne | F27: PROP00026 | G27: Inactive | H27: 45468 | I27: ServiceNow
A28: SydneyCox Dam230, Australia | B28: 67285 | C28: +26-438045007 | D28: Australia | E28: Sydney | F28: PROP00027 | G28: Active | H28: 45326 | I28: SAP
A29: LeedsDavis Causeway293, UK | B29: 14872 | C29: +52-806505381 | D29: UK | E29: Leeds | F29: PROP00028 | G29: Inactive | H29: 45864 | I29: SAP | J29: Imported from legacy system
A30: Courtney Turnpike165, Bordeaux, France | B30: 89693 | C30: +61-184724290 | D30: France | E30: Bordeaux | F30: PROP00029 | G30: Active | H30: 45767 | I30: Salesforce | J30: Check postal code
A31: Germany, Cologne | B31: 50520 | C31: +84-507576334 | D31: Germany | E31: Cologne | F31: PROP00030 | G31: Inactive | H31: 45909 | I31: MDG
A32: Canada, Ottawa | B32: 2005 | C32: +13-132980297 | D32: Canada | E32: Ottawa | F32: PROP00031 | G32: Inactive | H32: 45201 | I32: Salesforce
A33: UKBirmingham, UK | B33: 98920 | C33: +36-618266385 | D33: UK | E33: Birmingham | F33: PROP00032 | G33: Active | H33: 45225 | I33: ServiceNow | J33: Needs review
A34: MunichMack Junctions229, Germany | B34: 15122 | C34: +35-763070022 | D34: Germany | E34: Munich | F34: PROP00033 | G34: Active | H34: 45132 | I34: Salesforce | J34: Imported from legacy system
A35: Graham Motorway 9, Rio de Janeiro | B35: 926 | C35: +5-377335239 | D35: Brazil | E35: Rio de Janeiro | F35: PROP00034 | G35: Active | H35: 45662 | I35: SAP | J35: Check postal code
A36: UK, Manchester, Stanton Track 112 | B36: 23917 | C36: +82-366448994 | D36: UK | E36: Manchester | F36: PROP00035 | G36: Active | H36: 45181 | I36: SAP
A37: Australia, Brisbane, Monica Hills 117 | B37: 84249 | C37: +8-137243090 | D37: Australia | E37: Brisbane | F37: PROP00036 | G37: Active | H37: 45219 | I37: Salesforce
A38: France, Paris, Eric Track 273 | B38: 21675 | C38: +7-834425624 | D38: France | E38: Paris | F38: PROP00037 | G38: Inactive | H38: 45643 | I38: Planon
A39: SydneyCarol Overpass103, Australia | B39: 3053 | C39: +54-303640140 | D39: Australia | E39: Sydney | F39: PROP00038 | G39: Inactive | H39: 45939 | I39: SAP | J39: Pending validation
A40: SapporoSarah Wells54, Japan | B40: 40807 | C40: +15-618313077 | D40: Japan | E40: Sapporo | F40: PROP00039 | G40: Inactive | H40: 45339 | I40: ServiceNow | J40: Needs review
A41: Brian Wells1, Cologne, Germany | B41: 74865 | C41: +88-717877765 | D41: Germany | E41: Cologne | F41: PROP00040 | G41: Active | H41: 45503 | I41: Salesforce
A42: Christopher Oval 268, Germany, Hamburg | B42: 9572 | C42: +41-674271263 | D42: Germany | E42: Hamburg | F42: PROP00041 | G42: Inactive | H42: 45028 | I42: MDG | J42: Needs review
A43: FranceToulouse, France | B43: 72564 | C43: +11-495234164 | D43: France | E43: Toulouse | F43: PROP00042 | G43: Inactive | H43: 45067 | I43: MDG
A44: Joseph Well 117, Salvador | B44: 80008 | C44: +97-188042154 | D44: Brazil | E44: Salvador | F44: PROP00043 | G44: Inactive | H44: 45464 | I44: MDG | J44: Verified
A45: Brandt Plains 73, Japan, Osaka | B45: 99495 | C45: +56-127164941 | D45: Japan | E45: Osaka | F45: PROP00044 | G45: Active | H45: 45741 | I45: Planon | J45: Imported from legacy system
A46: JapanOsaka | B46: 88540 | C46: +56-410716797 | D46: Japan | E46: Osaka | F46: PROP00045 | G46: Inactive | H46: 45257 | I46: Salesforce
A47: AustraliaAdelaideKim Path237 | B47: 59678 | C47: +95-122092046 | D47: Australia | E47: Adelaide | F47: PROP00046 | G47: Active | H47: 45751 | I47: SAP | J47: Check postal code
A48: John Circles101, Turin, Italy | B48: 44814 | C48: +19-387273819 | D48: Italy | E48: Turin | F48: PROP00047 | G48: Inactive | H48: 45278 | I48: Salesforce
A49: Brianna Forks 9, Brazil, Brasília | B49: 77629 | C49: +62-899523499 | D49: Brazil | E49: Brasília | F49: PROP00048 | G49: Inactive | H49: 44894 | I49: Salesforce
A50: Japan, Osaka, Adrian Station 145 | B50: 83220 | C50: +67-672353502 | D50: Japan | E50: Osaka | F50: PROP00049 | G50: Active | H50: 45785 | I50: MDG
A51: Jeremy Bypass 39, Australia, Sydney | B51: 43810 | C51: +88-308900942 | D51: Australia | E51: Sydney | F51: PROP00050 | G51: Inactive | H51: 45959 | I51: MDG | J51: Imported from legacy system
A52: GermanyCologneWillie Harbors52 | B52: 88185 | C52: +80-988550237 | D52: Germany | E52: Cologne | F52: PROP00051 | G52: Inactive | H52: 45007 | I52: ServiceNow
A53: ItalyRome, Italy | B53: 95312 | C53: +15-682304192 | D53: Italy | E53: Rome | F53: PROP00052 | G53: Active | H53: 45439 | I53: MDG
A54: Brazil, Salvador, Sanchez Mountains 24 | B54: 53855 | C54: +73-780711687 | D54: Brazil | E54: Salvador | F54: PROP00053 | G54: Inactive | H54: 45238 | I54: ServiceNow | J54: Imported from legacy system
A55: SpainMadrid | B55: 56999 | C55: +59-479803995 | D55: Spain | E55: Madrid | F55: PROP00054 | G55: Active | H55: 45680 | I55: MDG
A56: Henderson Mountain 121, USA, Los Angeles | B56: 96062 | C56: +34-334321119 | D56: USA | E56: Los Angeles | F56: PROP00055 | G56: Active | H56: 45817 | I56: ServiceNow
A57: Emily Rue 280, Liverpool | B57: 13400 | C57: +9-449353772 | D57: UK | E57: Liverpool | F57: PROP00056 | G57: Inactive | H57: 45055 | I57: ServiceNow | J57: Imported from legacy system
A58: Italy, Naples, Richard Junction 168 | B58: 14823 | C58: +19-149280558 | D58: Italy | E58: Naples | F58: PROP00057 | G58: Active | H58: 45535 | I58: Salesforce | J58: Pending validation
A59: James Plain175, Munich, Germany | B59: 59301 | C59: +36-371993988 | D59: Germany | E59: Munich | F59: PROP00058 | G59: Active | H59: 45490 | I59: Salesforce
A60: LondonRobert Harbors170, UK | B60: 61138 | C60: +83-257012393 | D60: UK | E60: London | F60: PROP00059 | G60: Inactive | H60: 45027 | I60: SAP
A61: Brisbane, Nancy Club 162, Australia | B61: 58583 | C61: +62-461988150 | D61: Australia | E61: Brisbane | F61: PROP00060 | G61: Active | H61: 45183 | I61: Salesforce
A62: Italy, Milan | B62: 2435 | C62: +56-645238025 | D62: Italy | E62: Milan | F62: PROP00061 | G62: Active | H62: 45858 | I62: SAP | J62: Imported from legacy system
A63: SpainSeville | B63: 31483 | C63: +15-775114197 | D63: Spain | E63: Seville | F63: PROP00062 | G63: Active | H63: 45223 | I63: Salesforce
A64: BrazilRio de JaneiroRichard Orchard104 | B64: 28517 | C64: +26-116958637 | D64: Brazil | E64: Rio de Janeiro | F64: PROP00063 | G64: Inactive | H64: 45673 | I64: Planon | J64: Check postal code
A65: Barrera Expressway 8, Italy, Florence | B65: 50173 | C65: +19-823637428 | D65: Italy | E65: Florence | F65: PROP00064 | G65: Inactive | H65: 45766 | I65: ServiceNow
A66: Tricia Greens 134, UK, Liverpool | B66: 60139 | C66: +40-714942290 | D66: UK | E66: Liverpool | F66: PROP00065 | G66: Inactive | H66: 44944 | I66: MDG | J66: Check postal code
A67: USAChicagoHenderson Street66 | B67: 73346 | C67: +51-930349048 | D67: USA | E67: Chicago | F67: PROP00066 | G67: Active | H67: 45890 | I67: Planon | J67: Verified
A68: ItalyRome | B68: 29035 | C68: +2-179667335 | D68: Italy | E68: Rome | F68: PROP00067 | G68: Active | H68: 45020 | I68: Salesforce | J68: Verified
A69: Beth Plains244, Kyoto, Japan | B69: 8490 | C69: +76-822620464 | D69: Japan | E69: Kyoto | F69: PROP00068 | G69: Active | H69: 45240 | I69: ServiceNow
A70: JapanKyoto | B70: 62994 | C70: +10-284307187 | D70: Japan | E70: Kyoto | F70: PROP00069 | G70: Active | H70: 45709 | I70: Salesforce | J70: Pending validation
A71: Brian Pass 14, Canada, Montreal | B71: 11001 | C71: +45-470241496 | D71: Canada | E71: Montreal | F71: PROP00070 | G71: Active | H71: 45382 | I71: MDG | J71: Imported from legacy system
A72: AustraliaSydney | B72: 89002 | C72: +54-855570893 | D72: Australia | E72: Sydney | F72: PROP00071 | G72: Active | H72: 45568 | I72: ServiceNow
A73: MunichRichard Port188, Germany | B73: 32772 | C73: +74-771894322 | D73: Germany | E73: Munich | F73: PROP00072 | G73: Active | H73: 45892 | I73: Salesforce | J73: Needs review
A74: Cologne, Christine Manor 113, Germany | B74: 86664 | C74: +9-738348476 | D74: Germany | E74: Cologne | F74: PROP00073 | G74: Active | H74: 44903 | I74: MDG | J74: Imported from legacy system
A75: Los Angeles, Donovan Ford 265, USA | B75: 88283 | C75: +57-284587208 | D75: USA | E75: Los Angeles | F75: PROP00074 | G75: Active | H75: 45448 | I75: Salesforce | J75: Needs review
A76: Allen Locks 62, Rome | B76: 17655 | C76: +54-983740017 | D76: Italy | E76: Rome | F76: PROP00075 | G76: Active | H76: 45594 | I76: Planon
A77: Bryant Terrace182, Munich, Germany | B77: 10009 | C77: +90-195206528 | D77: Germany | E77: Munich | F77: PROP00076 | G77: Inactive | H77: 45526 | I77: Salesforce | J77: Verified
A78: Canada, Calgary, Stephen Port 133 | B78: 13605 | C78: +94-149826730 | D78: Canada | E78: Calgary | F78: PROP00077 | G78: Inactive | H78: 45113 | I78: ServiceNow | J78: Verified
A79: Spain, Barcelona | B79: 35261 | C79: +46-812005552 | D79: Spain | E79: Barcelona | F79: PROP00078 | G79: Active | H79: 45495 | I79: Salesforce | J79: Pending validation
A80: Sarah Cliff288, Houston, USA | B80: 32519 | C80: +80-204097491 | D80: USA | E80: Houston | F80: PROP00079 | G80: Active | H80: 45744 | I80: ServiceNow
A81: FranceBordeaux, France | B81: 71701 | C81: +71-821851087 | D81: France | E81: Bordeaux | F81: PROP00080 | G81: Active | H81: 44970 | I81: Salesforce | J81: Needs review
A82: Spain, Valencia | B82: 86218 | C82: +90-281357532 | D82: Spain | E82: Valencia | F82: PROP00081 | G82: Inactive | H82: 45381 | I82: Planon
A83: Brazil, São Paulo | B83: 39741 | C83: +61-406195764 | D83: Brazil | E83: São Paulo | F83: PROP00082 | G83: Active | H83: 45946 | I83: SAP | J83: Needs review
A84: Brazil, São Paulo | B84: 35165 | C84: +43-610390467 | D84: Brazil | E84: São Paulo | F84: PROP00083 | G84: Inactive | H84: 45791 | I84: SAP
A85: USALos AngelesPamela Summit57 | B85: 73013 | C85: +53-349046412 | D85: USA | E85: Los Angeles | F85: PROP00084 | G85: Inactive | H85: 45718 | I85: ServiceNow | J85: Needs review
A86: France, Toulouse, Joseph Rapids 253 | B86: 28108 | C86: +71-437953376 | D86: France | E86: Toulouse | F86: PROP00085 | G86: Inactive | H86: 45639 | I86: Salesforce
A87: Harris Roads19, Tokyo, Japan | B87: 35101 | C87: +43-753816494 | D87: Japan | E87: Tokyo | F87: PROP00086 | G87: Active | H87: 45027 | I87: ServiceNow
A88: Australia, Sydney, King Vista 190 | B88: 7159 | C88: +2-642643520 | D88: Australia | E88: Sydney | F88: PROP00087 | G88: Inactive | H88: 45781 | I88: SAP | J88: Imported from legacy system
A89: Germany, Munich | B89: 36766 | C89: +44-875991961 | D89: Germany | E89: Munich | F89: PROP00088 | G89: Inactive | H89: 45545 | I89: SAP | J89: Pending validation
A90: Japan, Kyoto | B90: 17647 | C90: +30-729230982 | D90: Japan | E90: Kyoto | F90: PROP00089 | G90: Active | H90: 45515 | I90: ServiceNow | J90: Needs review
A91: CalgaryMartin Mills172, Canada | B91: 72810 | C91: +22-949812813 | D91: Canada | E91: Calgary | F91: PROP00090 | G91: Active | H91: 45554 | I91: ServiceNow | J91: Verified
A92: Hoffman Creek 251, Rio de Janeiro | B92: 10363 | C92: +74-933316969 | D92: Brazil | E92: Rio de Janeiro | F92: PROP00091 | G92: Inactive | H92: 45027 | I92: Salesforce | J92: Verified
A93: FranceMarseille | B93: 48894 | C93: +39-668783916 | D93: France | E93: Marseille | F93: PROP00092 | G93: Active | H93: 45042 | I93: MDG | J93: Check postal code
A94: Russell Canyon13, Leeds, UK | B94: 40905 | C94: +99-544053943 | D94: UK | E94: Leeds | F94: PROP00093 | G94: Active | H94: 45910 | I94: Planon | J94: Check postal code
A95: BrazilBrasília, Brazil | B95: 5730 | C95: +91-128006433 | D95: Brazil | E95: Brasília | F95: PROP00094 | G95: Inactive | H95: 44954 | I95: MDG | J95: Verified
A96: CanadaMontreal | B96: 87917 | C96: +50-444364960 | D96: Canada | E96: Montreal | F96: PROP00095 | G96: Inactive | H96: 45305 | I96: SAP
A97: FranceLyonMichael Points219 | B97: 53765 | C97: +82-254422976 | D97: France | E97: Lyon | F97: PROP00096 | G97: Inactive | H97: 45504 | I97: Planon
A98: France, Paris | B98: 21800 | C98: +78-268374543 | D98: France | E98: Paris | F98: PROP00097 | G98: Inactive | H98: 45022 | I98: Salesforce
A99: Nicole Burg 111, UK, Birmingham | B99: 24010 | C99: +66-401294716 | D99: UK | E99: Birmingham | F99: PROP00098 | G99: Active | H99: 44940 | I99: ServiceNow | J99: Imported from legacy system
A100: Rio de JaneiroPatton Loop78, Brazil | B100: 88307 | C100: +68-104681050 | D100: Brazil | E100: Rio de Janeiro | F100: PROP00099 | G100: Active | H100: 45447 | I100: SAP | J100: Pending validation
...

Sheet CleanedData
A1: Address | B1: PostalCode | C1: Phone | D1: Country | E1: CityInput | F1: PropertyID | G1: Status | H1: UpdatedDate | I1: SourceSystem | J1: Notes | K1: PostalCode_OK | L1: Phone_OK | M1: Street_extracted | N1: MissingStreet | O1: City_extracted | P1: City_Match | Q1: AnyError | R1: ErrorCount
A2: FranceToulouse | B2: 32599 | C2: +17-315833500 | D2: France | E2: Toulouse | F2: PROP00001 | G2: Active | H2: 45482 | I2: ServiceNow | J2: Check postal code | K2: OK | L2: OK | N2: MISSING | O2: Toulouse | P2: MATCH | Q2: ERROR | R2: 1
A3: Lyon, Donald Cove 35, France | B3: 89197 | C3: +80-319837636 | D3: France | E3: Lyon | F3: PROP00002 | G3: Inactive | H3: 45242 | I3: Planon | J3: Pending validation | K3: OK | L3: OK | M3: Donald Cove 35 | N3: OK | O3: Lyon | P3: MATCH | Q3: OK | R3: 0
A4: UKLeeds, UK | B4: 4406 | C4: +9-597990383 | D4: UK | E4: Leeds | F4: PROP00003 | G4: Inactive | H4: 45259 | I4: Planon | K4: OK | L4: OK | M4: UK | N4: OK | O4: Leeds | P4: MATCH | Q4: OK | R4: 0
A5: ToulouseJeffery Parkways231, France | B5: 79408 | C5: +41-562032557 | D5: France | E5: Toulouse | F5: PROP00004 | G5: Inactive | H5: 45406 | I5: MDG | K5: OK | L5: OK | M5: ToulouseJeffery Parkways231 | N5: OK | O5: Toulouse | P5: MATCH | Q5: OK | R5: 0
A6: AdelaideAnna Stravenue73, Australia | B6: 85682 | C6: +58-662081724 | D6: Australia | E6: Adelaide | F6: PROP00005 | G6: Active | H6: 44973 | I6: Salesforce | J6: Check postal code | K6: OK | L6: OK | M6: AdelaideAnna Stravenue73 | N6: OK | O6: Adelaide | P6: MATCH | Q6: OK | R6: 0
A7: USA, Phoenix | B7: 36964 | C7: +75-783458296 | D7: USA | E7: Phoenix | F7: PROP00006 | G7: Inactive | H7: 45086 | I7: Planon | J7: Check postal code | K7: OK | L7: OK | M7: Phoenix | N7: OK | O7: Phoenix | P7: MATCH | Q7: OK | R7: 0
A8: Katherine Estate 93, Germany, Cologne | B8: 92007 | C8: +24-457327975 | D8: Germany | E8: Cologne | F8: PROP00007 | G8: Active | H8: 45240 | I8: ServiceNow | J8: Imported from legacy system | K8: OK | L8: OK | M8: Katherine Estate 93 | N8: OK | O8: Cologne | P8: MATCH | Q8: OK | R8: 0
A9: Peterson Drives 204, Germany, Cologne | B9: 28722 | C9: +49-576610421 | D9: Germany | E9: Cologne | F9: PROP00008 | G9: Active | H9: 44972 | I9: SAP | J9: Imported from legacy system | K9: OK | L9: OK | M9: Peterson Drives 204 | N9: OK | O9: Cologne | P9: MATCH | Q9: OK | R9: 0
A10: SpainBarcelona, Spain | B10: 13177 | C10: +34-805788258 | D10: Spain | E10: Barcelona | F10: PROP00009 | G10: Inactive | H10: 45573 | I10: SAP | J10: Imported from legacy system | K10: OK | L10: OK | M10: Spain | N10: OK | O10: Barcelona | P10: MATCH | Q10: OK | R10: 0
A11: Abbott Rapids 298, Brazil, Brasília | B11: 35172 | C11: +74-707015923 | D11: Brazil | E11: Brasília | F11: PROP00010 | G11: Active | H11: 45768 | I11: MDG | J11: Check postal code | K11: OK | L11: OK | M11: Abbott Rapids 298 | N11: OK | O11: Brasília | P11: MATCH | Q11: OK | R11: 0
A12: Australia, Perth | B12: 16862 | C12: +19-563762604 | D12: Australia | E12: Perth | F12: PROP00011 | G12: Active | H12: 44924 | I12: SAP | J12: Check postal code | K12: OK | L12: OK | M12: Perth | N12: OK | O12: Perth | P12: MATCH | Q12: OK | R12: 0
A13: CanadaOttawa | B13: 82898 | C13: +76-641811982 | D13: Canada | E13: Ottawa | F13: PROP00012 | G13: Active | H13: 45943 | I13: Salesforce | K13: OK | L13: OK | N13: MISSING | O13: Ottawa | P13: MATCH | Q13: ERROR | R13: 1
A14: USALos AngelesRay Squares47 | B14: 9617 | C14: +28-603554893 | D14: USA | E14: Los Angeles | F14: PROP00013 | G14: Active | H14: 45465 | I14: SAP | J14: Verified | K14: OK | L14: OK | M14: USALos AngelesRay Squares47 | N14: OK | O14: Los Angeles | P14: MATCH | Q14: OK | R14: 0
A15: Donna Trail 183, UK, Leeds | B15: 38431 | C15: +43-971324654 | D15: UK | E15: Leeds | F15: PROP00014 | G15: Inactive | H15: 45344 | I15: MDG | K15: OK | L15: OK | M15: Donna Trail 183 | N15: OK | O15: Leeds | P15: MATCH | Q15: OK | R15: 0
A16: ItalyRome | B16: 13739 | C16: +85-846405798 | D16: Italy | E16: Rome | F16: PROP00015 | G16: Inactive | H16: 45347 | I16: Planon | K16: OK | L16: OK | N16: MISSING | O16: Rome | P16: MATCH | Q16: ERROR | R16: 1
A17: BrazilSalvador, Brazil | B17: 48320 | C17: +27-184834988 | D17: Brazil | E17: Salvador | F17: PROP00016 | G17: Inactive | H17: 45771 | I17: MDG | K17: OK | L17: OK | M17: Brazil | N17: OK | O17: Salvador | P17: MATCH | Q17: OK | R17: 0
A18: CanadaCalgary, Canada | B18: 88342 | C18: +28-803880368 | D18: Canada | E18: Calgary | F18: PROP00017 | G18: Active | H18: 45494 | I18: Salesforce | J18: Needs review | K18: OK | L18: OK | M18: Canada | N18: OK | O18: Calgary | P18: MATCH | Q18: OK | R18: 0
A19: UK, Birmingham | B19: 85440 | C19: +41-132506172 | D19: UK | E19: Birmingham | F19: PROP00018 | G19: Inactive | H19: 45832 | I19: SAP | J19: Pending validation | K19: OK | L19: OK | M19: Birmingham | N19: OK | O19: Birmingham | P19: MATCH | Q19: OK | R19: 0
A20: BrasíliaChelsea Extension100, Brazil | B20: 70511 | C20: +67-358446679 | D20: Brazil | E20: Brasília | F20: PROP00019 | G20: Active | H20: 45430 | I20: Salesforce | K20: OK | L20: OK | M20: BrasíliaChelsea Extension100 | N20: OK | O20: Brasília | P20: MATCH | Q20: OK | R20: 0
A21: Canada, Calgary, Frank Light 65 | B21: 35883 | C21: +42-523118317 | D21: Canada | E21: Calgary | F21: PROP00020 | G21: Active | H21: 45200 | I21: Salesforce | J21: Imported from legacy system | K21: OK | L21: OK | M21: Frank Light 65 | N21: OK | O21: Calgary | P21: MATCH | Q21: OK | R21: 0
A22: Chicago, Gabrielle Ville 211, USA | B22: 7832 | C22: +92-984554908 | D22: USA | E22: Chicago | F22: PROP00021 | G22: Active | H22: 45595 | I22: MDG | K22: OK | L22: OK | M22: Gabrielle Ville 211 | N22: OK | O22: Chicago | P22: MATCH | Q22: OK | R22: 0
A23: GermanyMunichLydia Valley281 | B23: 41848 | C23: +48-719462908 | D23: Germany | E23: Munich | F23: PROP00022 | G23: Active | H23: 45965 | I23: MDG | K23: OK | L23: OK | M23: GermanyMunichLydia Valley281 | N23: OK | O23: Munich | P23: MATCH | Q23: OK | R23: 0
A24: GermanyCologne | B24: 74842 | C24: +65-946225910 | D24: Germany | E24: Cologne | F24: PROP00023 | G24: Active | H24: 45742 | I24: ServiceNow | K24: OK | L24: OK | N24: MISSING | O24: Cologne | P24: MATCH | Q24: ERROR | R24: 1
A25: ItalyFlorenceLewis Parks198 | B25: 52357 | C25: +69-262946533 | D25: Italy | E25: Florence | F25: PROP00024 | G25: Inactive | H25: 44943 | I25: Planon | J25: Imported from legacy system | K25: OK | L25: OK | M25: ItalyFlorenceLewis Parks198 | N25: OK | O25: Florence | P25: MATCH | Q25: OK | R25: 0
A26: Thomas Dam 63, France, Marseille | B26: 32826 | C26: +87-969160078 | D26: France | E26: Marseille | F26: PROP00025 | G26: Active | H26: 45674 | I26: MDG | K26: OK | L26: OK | M26: Thomas Dam 63 | N26: OK | O26: Marseille | P26: MATCH | Q26: OK | R26: 0
A27: Burgess Meadow 171, Australia, Melbourne | B27: 76985 | C27: +91-598066265 | D27: Australia | E27: Melbourne | F27: PROP00026 | G27: Inactive | H27: 45468 | I27: ServiceNow | K27: OK | L27: OK | M27: Burgess Meadow 171 | N27: OK | O27: Melbourne | P27: MATCH | Q27: OK | R27: 0
A28: SydneyCox Dam230, Australia | B28: 67285 | C28: +26-438045007 | D28: Australia | E28: Sydney | F28: PROP00027 | G28: Active | H28: 45326 | I28: SAP | K28: OK | L28: OK | M28: SydneyCox Dam230 | N28: OK | O28: Sydney | P28: MATCH | Q28: OK | R28: 0
A29: LeedsDavis Causeway293, UK | B29: 14872 | C29: +52-806505381 | D29: UK | E29: Leeds | F29: PROP00028 | G29: Inactive | H29: 45864 | I29: SAP | J29: Imported from legacy system | K29: OK | L29: OK | M29: LeedsDavis Causeway293 | N29: OK | O29: Leeds | P29: MATCH | Q29: OK | R29: 0
A30: Courtney Turnpike165, Bordeaux, France | B30: 89693 | C30: +61-184724290 | D30: France | E30: Bordeaux | F30: PROP00029 | G30: Active | H30: 45767 | I30: Salesforce | J30: Check postal code | K30: OK | L30: OK | M30: Courtney Turnpike165 | N30: OK | O30: Bordeaux | P30: MATCH | Q30: OK | R30: 0
A31: Germany, Cologne | B31: 50520 | C31: +84-507576334 | D31: Germany | E31: Cologne | F31: PROP00030 | G31: Inactive | H31: 45909 | I31: MDG | K31: OK | L31: OK | M31: Cologne | N31: OK | O31: Cologne | P31: MATCH | Q31: OK | R31: 0
A32: Canada, Ottawa | B32: 2005 | C32: +13-132980297 | D32: Canada | E32: Ottawa | F32: PROP00031 | G32: Inactive | H32: 45201 | I32: Salesforce | K32: OK | L32: OK | M32: Ottawa | N32: OK | O32: Ottawa | P32: MATCH | Q32: OK | R32: 0
A33: UKBirmingham, UK | B33: 98920 | C33: +36-618266385 | D33: UK | E33: Birmingham | F33: PROP00032 | G33: Active | H33: 45225 | I33: ServiceNow | J33: Needs review | K33: OK | L33: OK | M33: UK | N33: OK | O33: Birmingham | P33: MATCH | Q33: OK | R33: 0
A34: MunichMack Junctions229, Germany | B34: 15122 | C34: +35-763070022 | D34: Germany | E34: Munich | F34: PROP00033 | G34: Active | H34: 45132 | I34: Salesforce | J34: Imported from legacy system | K34: OK | L34: OK | M34: MunichMack Junctions229 | N34: OK | O34: Munich | P34: MATCH | Q34: OK | R34: 0
A35: Graham Motorway 9, Rio de Janeiro | B35: 926 | C35: +5-377335239 | D35: Brazil | E35: Rio de Janeiro | F35: PROP00034 | G35: Active | H35: 45662 | I35: SAP | J35: Check postal code | K35: OK | L35: OK | M35: Graham Motorway 9 | N35: OK | O35: Rio de Janeiro | P35: MATCH | Q35: OK | R35: 0
A36: UK, Manchester, Stanton Track 112 | B36: 23917 | C36: +82-366448994 | D36: UK | E36: Manchester | F36: PROP00035 | G36: Active | H36: 45181 | I36: SAP | K36: OK | L36: OK | M36: Stanton Track 112 | N36: OK | O36: Manchester | P36: MATCH | Q36: OK | R36: 0
A37: Australia, Brisbane, Monica Hills 117 | B37: 84249 | C37: +8-137243090 | D37: Australia | E37: Brisbane | F37: PROP00036 | G37: Active | H37: 45219 | I37: Salesforce | K37: OK | L37: OK | M37: Monica Hills 117 | N37: OK | O37: Brisbane | P37: MATCH | Q37: OK | R37: 0
A38: France, Paris, Eric Track 273 | B38: 21675 | C38: +7-834425624 | D38: France | E38: Paris | F38: PROP00037 | G38: Inactive | H38: 45643 | I38: Planon | K38: OK | L38: OK | M38: Eric Track 273 | N38: OK | O38: Paris | P38: MATCH | Q38: OK | R38: 0
A39: SydneyCarol Overpass103, Australia | B39: 3053 | C39: +54-303640140 | D39: Australia | E39: Sydney | F39: PROP00038 | G39: Inactive | H39: 45939 | I39: SAP | J39: Pending validation | K39: OK | L39: OK | M39: SydneyCarol Overpass103 | N39: OK | O39: Sydney | P39: MATCH | Q39: OK | R39: 0
A40: SapporoSarah Wells54, Japan | B40: 40807 | C40: +15-618313077 | D40: Japan | E40: Sapporo | F40: PROP00039 | G40: Inactive | H40: 45339 | I40: ServiceNow | J40: Needs review | K40: OK | L40: OK | M40: SapporoSarah Wells54 | N40: OK | O40: Sapporo | P40: MATCH | Q40: OK | R40: 0
A41: Brian Wells1, Cologne, Germany | B41: 74865 | C41: +88-717877765 | D41: Germany | E41: Cologne | F41: PROP00040 | G41: Active | H41: 45503 | I41: Salesforce | K41: OK | L41: OK | M41: Brian Wells1 | N41: OK | O41: Cologne | P41: MATCH | Q41: OK | R41: 0
A42: Christopher Oval 268, Germany, Hamburg | B42: 9572 | C42: +41-674271263 | D42: Germany | E42: Hamburg | F42: PROP00041 | G42: Inactive | H42: 45028 | I42: MDG | J42: Needs review | K42: OK | L42: OK | M42: Christopher Oval 268 | N42: OK | O42: Hamburg | P42: MATCH | Q42: OK | R42: 0
A43: FranceToulouse, France | B43: 72564 | C43: +11-495234164 | D43: France | E43: Toulouse | F43: PROP00042 | G43: Inactive | H43: 45067 | I43: MDG | K43: OK | L43: OK | M43: France | N43: OK | O43: Toulouse | P43: MATCH | Q43: OK | R43: 0
A44: Joseph Well 117, Salvador | B44: 80008 | C44: +97-188042154 | D44: Brazil | E44: Salvador | F44: PROP00043 | G44: Inactive | H44: 45464 | I44: MDG | J44: Verified | K44: OK | L44: OK | M44: Joseph Well 117 | N44: OK | O44: Salvador | P44: MATCH | Q44: OK | R44: 0
A45: Brandt Plains 73, Japan, Osaka | B45: 99495 | C45: +56-127164941 | D45: Japan | E45: Osaka | F45: PROP00044 | G45: Active | H45: 45741 | I45: Planon | J45: Imported from legacy system | K45: OK | L45: OK | M45: Brandt Plains 73 | N45: OK | O45: Osaka | P45: MATCH | Q45: OK | R45: 0
A46: JapanOsaka | B46: 88540 | C46: +56-410716797 | D46: Japan | E46: Osaka | F46: PROP00045 | G46: Inactive | H46: 45257 | I46: Salesforce | K46: OK | L46: OK | N46: MISSING | O46: Osaka | P46: MATCH | Q46: ERROR | R46: 1
A47: AustraliaAdelaideKim Path237 | B47: 59678 | C47: +95-122092046 | D47: Australia | E47: Adelaide | F47: PROP00046 | G47: Active | H47: 45751 | I47: SAP | J47: Check postal code | K47: OK | L47: OK | M47: AustraliaAdelaideKim Path237 | N47: OK | O47: Adelaide | P47: MATCH | Q47: OK | R47: 0
A48: John Circles101, Turin, Italy | B48: 44814 | C48: +19-387273819 | D48: Italy | E48: Turin | F48: PROP00047 | G48: Inactive | H48: 45278 | I48: Salesforce | K48: OK | L48: OK | M48: John Circles101 | N48: OK | O48: Turin | P48: MATCH | Q48: OK | R48: 0
A49: Brianna Forks 9, Brazil, Brasília | B49: 77629 | C49: +62-899523499 | D49: Brazil | E49: Brasília | F49: PROP00048 | G49: Inactive | H49: 44894 | I49: Salesforce | K49: OK | L49: OK | M49: Brianna Forks 9 | N49: OK | O49: Brasília | P49: MATCH | Q49: OK | R49: 0
A50: Japan, Osaka, Adrian Station 145 | B50: 83220 | C50: +67-672353502 | D50: Japan | E50: Osaka | F50: PROP00049 | G50: Active | H50: 45785 | I50: MDG | K50: OK | L50: OK | M50: Adrian Station 145 | N50: OK | O50: Osaka | P50: MATCH | Q50: OK | R50: 0
A51: Jeremy Bypass 39, Australia, Sydney | B51: 43810 | C51: +88-308900942 | D51: Australia | E51: Sydney | F51: PROP00050 | G51: Inactive | H51: 45959 | I51: MDG | J51: Imported from legacy system | K51: OK | L51: OK | M51: Jeremy Bypass 39 | N51: OK | O51: Sydney | P51: MATCH | Q51: OK | R51: 0
A52: GermanyCologneWillie Harbors52 | B52: 88185 | C52: +80-988550237 | D52: Germany | E52: Cologne | F52: PROP00051 | G52: Inactive | H52: 45007 | I52: ServiceNow | K52: OK | L52: OK | M52: GermanyCologneWillie Harbors52 | N52: OK | O52: Cologne | P52: MATCH | Q52: OK | R52: 0
A53: ItalyRome, Italy | B53: 95312 | C53: +15-682304192 | D53: Italy | E53: Rome | F53: PROP00052 | G53: Active | H53: 45439 | I53: MDG | K53: OK | L53: OK | M53: Italy | N53: OK | O53: Rome | P53: MATCH | Q53: OK | R53: 0
A54: Brazil, Salvador, Sanchez Mountains 24 | B54: 53855 | C54: +73-780711687 | D54: Brazil | E54: Salvador | F54: PROP00053 | G54: Inactive | H54: 45238 | I54: ServiceNow | J54: Imported from legacy system | K54: OK | L54: OK | M54: Sanchez Mountains 24 | N54: OK | O54: Salvador | P54: MATCH | Q54: OK | R54: 0
A55: SpainMadrid | B55: 56999 | C55: +59-479803995 | D55: Spain | E55: Madrid | F55: PROP00054 | G55: Active | H55: 45680 | I55: MDG | K55: OK | L55: OK | N55: MISSING | O55: Madrid | P55: MATCH | Q55: ERROR | R55: 1
A56: Henderson Mountain 121, USA, Los Angeles | B56: 96062 | C56: +34-334321119 | D56: USA | E56: Los Angeles | F56: PROP00055 | G56: Active | H56: 45817 | I56: ServiceNow | K56: OK | L56: OK | M56: Henderson Mountain 121 | N56: OK | O56: Los Angeles | P56: MATCH | Q56: OK | R56: 0
A57: Emily Rue 280, Liverpool | B57: 13400 | C57: +9-449353772 | D57: UK | E57: Liverpool | F57: PROP00056 | G57: Inactive | H57: 45055 | I57: ServiceNow | J57: Imported from legacy system | K57: OK | L57: OK | M57: Emily Rue 280 | N57: OK | O57: Liverpool | P57: MATCH | Q57: OK | R57: 0
A58: Italy, Naples, Richard Junction 168 | B58: 14823 | C58: +19-149280558 | D58: Italy | E58: Naples | F58: PROP00057 | G58: Active | H58: 45535 | I58: Salesforce | J58: Pending validation | K58: OK | L58: OK | M58: Richard Junction 168 | N58: OK | O58: Naples | P58: MATCH | Q58: OK | R58: 0
A59: James Plain175, Munich, Germany | B59: 59301 | C59: +36-371993988 | D59: Germany | E59: Munich | F59: PROP00058 | G59: Active | H59: 45490 | I59: Salesforce | K59: OK | L59: OK | M59: James Plain175 | N59: OK | O59: Munich | P59: MATCH | Q59: OK | R59: 0
A60: LondonRobert Harbors170, UK | B60: 61138 | C60: +83-257012393 | D60: UK | E60: London | F60: PROP00059 | G60: Inactive | H60: 45027 | I60: SAP | K60: OK | L60: OK | M60: LondonRobert Harbors170 | N60: OK | O60: London | P60: MATCH | Q60: OK | R60: 0
A61: Brisbane, Nancy Club 162, Australia | B61: 58583 | C61: +62-461988150 | D61: Australia | E61: Brisbane | F61: PROP00060 | G61: Active | H61: 45183 | I61: Salesforce | K61: OK | L61: OK | M61: Nancy Club 162 | N61: OK | O61: Brisbane | P61: MATCH | Q61: OK | R61: 0
A62: Italy, Milan | B62: 2435 | C62: +56-645238025 | D62: Italy | E62: Milan | F62: PROP00061 | G62: Active | H62: 45858 | I62: SAP | J62: Imported from legacy system | K62: OK | L62: OK | M62: Milan | N62: OK | O62: Milan | P62: MATCH | Q62: OK | R62: 0
A63: SpainSeville | B63: 31483 | C63: +15-775114197 | D63: Spain | E63: Seville | F63: PROP00062 | G63: Active | H63: 45223 | I63: Salesforce | K63: OK | L63: OK | N63: MISSING | O63: Seville | P63: MATCH | Q63: ERROR | R63: 1
A64: BrazilRio de JaneiroRichard Orchard104 | B64: 28517 | C64: +26-116958637 | D64: Brazil | E64: Rio de Janeiro | F64: PROP00063 | G64: Inactive | H64: 45673 | I64: Planon | J64: Check postal code | K64: OK | L64: OK | M64: BrazilRio de JaneiroRichard Orchard104 | N64: OK | O64: Rio de Janeiro | P64: MATCH | Q64: OK | R64: 0
A65: Barrera Expressway 8, Italy, Florence | B65: 50173 | C65: +19-823637428 | D65: Italy | E65: Florence | F65: PROP00064 | G65: Inactive | H65: 45766 | I65: ServiceNow | K65: OK | L65: OK | M65: Barrera Expressway 8 | N65: OK | O65: Florence | P65: MATCH | Q65: OK | R65: 0
A66: Tricia Greens 134, UK, Liverpool | B66: 60139 | C66: +40-714942290 | D66: UK | E66: Liverpool | F66: PROP00065 | G66: Inactive | H66: 44944 | I66: MDG | J66: Check postal code | K66: OK | L66: OK | M66: Tricia Greens 134 | N66: OK | O66: Liverpool | P66: MATCH | Q66: OK | R66: 0
A67: USAChicagoHenderson Street66 | B67: 73346 | C67: +51-930349048 | D67: USA | E67: Chicago | F67: PROP00066 | G67: Active | H67: 45890 | I67: Planon | J67: Verified | K67: OK | L67: OK | M67: USAChicagoHenderson Street66 | N67: OK | O67: Chicago | P67: MATCH | Q67: OK | R67: 0
A68: ItalyRome | B68: 29035 | C68: +2-179667335 | D68: Italy | E68: Rome | F68: PROP00067 | G68: Active | H68: 45020 | I68: Salesforce | J68: Verified | K68: OK | L68: OK | N68: MISSING | O68: Rome | P68: MATCH | Q68: ERROR | R68: 1
A69: Beth Plains244, Kyoto, Japan | B69: 8490 | C69: +76-822620464 | D69: Japan | E69: Kyoto | F69: PROP00068 | G69: Active | H69: 45240 | I69: ServiceNow | K69: OK | L69: OK | M69: Beth Plains244 | N69: OK | O69: Kyoto | P69: MATCH | Q69: OK | R69: 0
A70: JapanKyoto | B70: 62994 | C70: +10-284307187 | D70: Japan | E70: Kyoto | F70: PROP00069 | G70: Active | H70: 45709 | I70: Salesforce | J70: Pending validation | K70: OK | L70: OK | N70: MISSING | O70: Kyoto | P70: MATCH | Q70: ERROR | R70: 1
A71: Brian Pass 14, Canada, Montreal | B71: 11001 | C71: +45-470241496 | D71: Canada | E71: Montreal | F71: PROP00070 | G71: Active | H71: 45382 | I71: MDG | J71: Imported from legacy system | K71: OK | L71: OK | M71: Brian Pass 14 | N71: OK | O71: Montreal | P71: MATCH | Q71: OK | R71: 0
A72: AustraliaSydney | B72: 89002 | C72: +54-855570893 | D72: Australia | E72: Sydney | F72: PROP00071 | G72: Active | H72: 45568 | I72: ServiceNow | K72: OK | L72: OK | N72: MISSING | O72: Sydney | P72: MATCH | Q72: ERROR | R72: 1
A73: MunichRichard Port188, Germany | B73: 32772 | C73: +74-771894322 | D73: Germany | E73: Munich | F73: PROP00072 | G73: Active | H73: 45892 | I73: Salesforce | J73: Needs review | K73: OK | L73: OK | M73: MunichRichard Port188 | N73: OK | O73: Munich | P73: MATCH | Q73: OK | R73: 0
A74: Cologne, Christine Manor 113, Germany | B74: 86664 | C74: +9-738348476 | D74: Germany | E74: Cologne | F74: PROP00073 | G74: Active | H74: 44903 | I74: MDG | J74: Imported from legacy system | K74: OK | L74: OK | M74: Christine Manor 113 | N74: OK | O74: Cologne | P74: MATCH | Q74: OK | R74: 0
A75: Los Angeles, Donovan Ford 265, USA | B75: 88283 | C75: +57-284587208 | D75: USA | E75: Los Angeles | F75: PROP00074 | G75: Active | H75: 45448 | I75: Salesforce | J75: Needs review | K75: OK | L75: OK | M75: Donovan Ford 265 | N75: OK | O75: Los Angeles | P75: MATCH | Q75: OK | R75: 0
A76: Allen Locks 62, Rome | B76: 17655 | C76: +54-983740017 | D76: Italy | E76: Rome | F76: PROP00075 | G76: Active | H76: 45594 | I76: Planon | K76: OK | L76: OK | M76: Allen Locks 62 | N76: OK | O76: Rome | P76: MATCH | Q76: OK | R76: 0
A77: Bryant Terrace182, Munich, Germany | B77: 10009 | C77: +90-195206528 | D77: Germany | E77: Munich | F77: PROP00076 | G77: Inactive | H77: 45526 | I77: Salesforce | J77: Verified | K77: OK | L77: OK | M77: Bryant Terrace182 | N77: OK | O77: Munich | P77: MATCH | Q77: OK | R77: 0
A78: Canada, Calgary, Stephen Port 133 | B78: 13605 | C78: +94-149826730 | D78: Canada | E78: Calgary | F78: PROP00077 | G78: Inactive | H78: 45113 | I78: ServiceNow | J78: Verified | K78: OK | L78: OK | M78: Stephen Port 133 | N78: OK | O78: Calgary | P78: MATCH | Q78: OK | R78: 0
A79: Spain, Barcelona | B79: 35261 | C79: +46-812005552 | D79: Spain | E79: Barcelona | F79: PROP00078 | G79: Active | H79: 45495 | I79: Salesforce | J79: Pending validation | K79: OK | L79: OK | M79: Barcelona | N79: OK | O79: Barcelona | P79: MATCH | Q79: OK | R79: 0
A80: Sarah Cliff288, Houston, USA | B80: 32519 | C80: +80-204097491 | D80: USA | E80: Houston | F80: PROP00079 | G80: Active | H80: 45744 | I80: ServiceNow | K80: OK | L80: OK | M80: Sarah Cliff288 | N80: OK | O80: Houston | P80: MATCH | Q80: OK | R80: 0
A81: FranceBordeaux, France | B81: 71701 | C81: +71-821851087 | D81: France | E81: Bordeaux | F81: PROP00080 | G81: Active | H81: 44970 | I81: Salesforce | J81: Needs review | K81: OK | L81: OK | M81: France | N81: OK | O81: Bordeaux | P81: MATCH | Q81: OK | R81: 0
A82: Spain, Valencia | B82: 86218 | C82: +90-281357532 | D82: Spain | E82: Valencia | F82: PROP00081 | G82: Inactive | H82: 45381 | I82: Planon | K82: OK | L82: OK | M82: Valencia | N82: OK | O82: Valencia | P82: MATCH | Q82: OK | R82: 0
A83: Brazil, São Paulo | B83: 39741 | C83: +61-406195764 | D83: Brazil | E83: São Paulo | F83: PROP00082 | G83: Active | H83: 45946 | I83: SAP | J83: Needs review | K83: OK | L83: OK | M83: São Paulo | N83: OK | O83: São Paulo | P83: MATCH | Q83: OK | R83: 0
A84: Brazil, São Paulo | B84: 35165 | C84: +43-610390467 | D84: Brazil | E84: São Paulo | F84: PROP00083 | G84: Inactive | H84: 45791 | I84: SAP | K84: OK | L84: OK | M84: São Paulo | N84: OK | O84: São Paulo | P84: MATCH | Q84: OK | R84: 0
A85: USALos AngelesPamela Summit57 | B85: 73013 | C85: +53-349046412 | D85: USA | E85: Los Angeles | F85: PROP00084 | G85: Inactive | H85: 45718 | I85: ServiceNow | J85: Needs review | K85: OK | L85: OK | M85: USALos AngelesPamela Summit57 | N85: OK | O85: Los Angeles | P85: MATCH | Q85: OK | R85: 0
A86: France, Toulouse, Joseph Rapids 253 | B86: 28108 | C86: +71-437953376 | D86: France | E86: Toulouse | F86: PROP00085 | G86: Inactive | H86: 45639 | I86: Salesforce | K86: OK | L86: OK | M86: Joseph Rapids 253 | N86: OK | O86: Toulouse | P86: MATCH | Q86: OK | R86: 0
A87: Harris Roads19, Tokyo, Japan | B87: 35101 | C87: +43-753816494 | D87: Japan | E87: Tokyo | F87: PROP00086 | G87: Active | H87: 45027 | I87: ServiceNow | K87: OK | L87: OK | M87: Harris Roads19 | N87: OK | O87: Tokyo | P87: MATCH | Q87: OK | R87: 0
A88: Australia, Sydney, King Vista 190 | B88: 7159 | C88: +2-642643520 | D88: Australia | E88: Sydney | F88: PROP00087 | G88: Inactive | H88: 45781 | I88: SAP | J88: Imported from legacy system | K88: OK | L88: OK | M88: King Vista 190 | N88: OK | O88: Sydney | P88: MATCH | Q88: OK | R88: 0
A89: Germany, Munich | B89: 36766 | C89: +44-875991961 | D89: Germany | E89: Munich | F89: PROP00088 | G89: Inactive | H89: 45545 | I89: SAP | J89: Pending validation | K89: OK | L89: OK | M89: Munich | N89: OK | O89: Munich | P89: MATCH | Q89: OK | R89: 0
A90: Japan, Kyoto | B90: 17647 | C90: +30-729230982 | D90: Japan | E90: Kyoto | F90: PROP00089 | G90: Active | H90: 45515 | I90: ServiceNow | J90: Needs review | K90: OK | L90: OK | M90: Kyoto | N90: OK | O90: Kyoto | P90: MATCH | Q90: OK | R90: 0
A91: CalgaryMartin Mills172, Canada | B91: 72810 | C91: +22-949812813 | D91: Canada | E91: Calgary | F91: PROP00090 | G91: Active | H91: 45554 | I91: ServiceNow | J91: Verified | K91: OK | L91: OK | M91: CalgaryMartin Mills172 | N91: OK | O91: Calgary | P91: MATCH | Q91: OK | R91: 0
A92: Hoffman Creek 251, Rio de Janeiro | B92: 10363 | C92: +74-933316969 | D92: Brazil | E92: Rio de Janeiro | F92: PROP00091 | G92: Inactive | H92: 45027 | I92: Salesforce | J92: Verified | K92: OK | L92: OK | M92: Hoffman Creek 251 | N92: OK | O92: Rio de Janeiro | P92: MATCH | Q92: OK | R92: 0
A93: FranceMarseille | B93: 48894 | C93: +39-668783916 | D93: France | E93: Marseille | F93: PROP00092 | G93: Active | H93: 45042 | I93: MDG | J93: Check postal code | K93: OK | L93: OK | N93: MISSING | O93: Marseille | P93: MATCH | Q93: ERROR | R93: 1
A94: Russell Canyon13, Leeds, UK | B94: 40905 | C94: +99-544053943 | D94: UK | E94: Leeds | F94: PROP00093 | G94: Active | H94: 45910 | I94: Planon | J94: Check postal code | K94: OK | L94: OK | M94: Russell Canyon13 | N94: OK | O94: Leeds | P94: MATCH | Q94: OK | R94: 0
A95: BrazilBrasília, Brazil | B95: 5730 | C95: +91-128006433 | D95: Brazil | E95: Brasília | F95: PROP00094 | G95: Inactive | H95: 44954 | I95: MDG | J95: Verified | K95: OK | L95: OK | M95: Brazil | N95: OK | O95: Brasília | P95: MATCH | Q95: OK | R95: 0
A96: CanadaMontreal | B96: 87917 | C96: +50-444364960 | D96: Canada | E96: Montreal | F96: PROP00095 | G96: Inactive | H96: 45305 | I96: SAP | K96: OK | L96: OK | N96: MISSING | O96: Montreal | P96: MATCH | Q96: ERROR | R96: 1
A97: FranceLyonMichael Points219 | B97: 53765 | C97: +82-254422976 | D97: France | E97: Lyon | F97: PROP00096 | G97: Inactive | H97: 45504 | I97: Planon | K97: OK | L97: OK | M97: FranceLyonMichael Points219 | N97: OK | O97: Lyon | P97: MATCH | Q97: OK | R97: 0
A98: France, Paris | B98: 21800 | C98: +78-268374543 | D98: France | E98: Paris | F98: PROP00097 | G98: Inactive | H98: 45022 | I98: Salesforce | K98: OK | L98: OK | M98: Paris | N98: OK | O98: Paris | P98: MATCH | Q98: OK | R98: 0
A99: Nicole Burg 111, UK, Birmingham | B99: 24010 | C99: +66-401294716 | D99: UK | E99: Birmingham | F99: PROP00098 | G99: Active | H99: 44940 | I99: ServiceNow | J99: Imported from legacy system | K99: OK | L99: OK | M99: Nicole Burg 111 | N99: OK | O99: Birmingham | P99: MATCH | Q99: OK | R99: 0
A100: Rio de JaneiroPatton Loop78, Brazil | B100: 88307 | C100: +68-104681050 | D100: Brazil | E100: Rio de Janeiro | F100: PROP00099 | G100: Active | H100: 45447 | I100: SAP | J100: Pending validation | K100: OK | L100: OK | M100: Rio de JaneiroPatton Loop78 | N100: OK | O100: Rio de Janeiro | P100: MATCH | Q100: OK | R100: 0
...

Sheet Checks
A1: PropertyID | B1: Address | C1: Country | D1: CityInput | E1: City_extracted | F1: Street_extracted | G1: PostalCode | H1: Phone | I1: Status | J1: UpdatedDate | K1: MissingStreet | L1: PostalCode_OK | M1: Phone_OK | N1: City_Match | O1: AnyError | P1: ErrorCount | Q1: YearMonth | R1: SourceSystem | S1: IsError | T1: IsMissingStreet | U1: ErrorType
A2: =CleanedData!F2 -> PROP00001 | B2: =CleanedData!A2 -> FranceToulouse | C2: =CleanedData!D2 -> France | D2: =CleanedData!E2 -> Toulouse | E2: =CleanedData!O2 -> Toulouse | F2: =CleanedData!M2 | G2: =CleanedData!B2 -> 32599 | H2: =CleanedData!C2 -> +17-315833500 | I2: =CleanedData!G2 -> Active | J2: =CleanedData!H2 -> 45482 | K2: =IF(TRIM(F2)="","MISSING","OK") -> MISSING | L2: =IF(LEN(TRIM(G2))<3,"INVALID","OK") -> OK | M2: =IF(LEN(SUBSTITUTE(SUBSTITUTE(H2," ",""),"-",""))>=7,"OK","INVALID") -> OK | N2: =IF(E2="","NO_EXTRACT", IF(LOWER(TRIM(E2))=LOWER(TRIM(D2)),"MATCH","CHECK")) -> MATCH | O2: =IF(OR(K2="MISSING",L2="INVALID",M2="INVALID"),"ERROR","OK") -> ERROR | P2: =(K2="MISSING")*1 + (L2="INVALID")*1 + (M2="INVALID")*1 -> 1 | Q2: =YEAR(J2) & "-" & TEXT(MONTH(J2),"00") -> 2024-07 | R2: ServiceNow | S2: =IF(tblChecks[[#This Row],[AnyError]]="ERROR",1,0) -> 1 | T2: =IF(tblChecks[[#This Row],[MissingStreet]]="MISSING",1,0) -> 1 | U2: =IF(K2="MISSING","MissingStreet", IF(L2="INVALID","PostalCode_INVALID", IF(M2="INVALID","Phone_INVALID","OK"))) -> MissingStreet
A3: =CleanedData!F3 -> PROP00002 | B3: =CleanedData!A3 -> Lyon, Donald Cove 35, France | C3: =CleanedData!D3 -> France | D3: =CleanedData!E3 -> Lyon | E3: =CleanedData!O3 -> Lyon | F3: =CleanedData!M3 -> Donald Cove 35 | G3: =CleanedData!B3 -> 89197 | H3: =CleanedData!C3 -> +80-319837636 | I3: =CleanedData!G3 -> Inactive | J3: =CleanedData!H3 -> 45242 | K3: =IF(TRIM(F3)="","MISSING","OK") -> OK | L3: =IF(LEN(TRIM(G3))<3,"INVALID","OK") -> OK | M3: =IF(LEN(SUBSTITUTE(SUBSTITUTE(H3," ",""),"-",""))>=7,"OK","INVALID") -> OK | N3: =IF(E3="","NO_EXTRACT", IF(LOWER(TRIM(E3))=LOWER(TRIM(D3)),"MATCH","CHECK")) -> MATCH | O3: =IF(OR(K3="MISSING",L3="INVALID",M3="INVALID"),"ERROR","OK") -> OK | P3: =(K3="MISSING")*1 + (L3="INVALID")*1 + (M3="INVALID")*1 -> 0 | Q3: =YEAR(J3) & "-" & TEXT(MONTH(J3),"00") -> 2023-11 | R3: Planon | S3: =IF(tblChecks[[#This Row],[AnyError]]="ERROR",1,0) -> 0 | T3: =IF(tblChecks[[#This Row],[MissingStreet]]="MISSING",1,0) -> 0 | U3: =IF(K3="MISSING","MissingStreet", IF(L3="INVALID","PostalCode_INVALID", IF(M3="INVALID","Phone_INVALID","OK"))) -> OK
A4: =CleanedData!F4 -> PROP00003 | B4: =CleanedData!A4 -> UKLeeds, UK | C4: =CleanedData!D4 -> UK | D4: =CleanedData!E4 -> Leeds | E4: =CleanedData!O4 -> Leeds | F4: =CleanedData!M4 -> UK | G4: =CleanedData!B4 -> 4406 | H4: =CleanedData!C4 -> +9-597990383 | I4: =CleanedData!G4 -> Inactive | J4: =CleanedData!H4 -> 45259 | K4: =IF(TRIM(F4)="","MISSING","OK") -> OK | L4: =IF(LEN(TRIM(G4))<3,"INVALID","OK") -> OK | M4: =IF(LEN(SUBSTITUTE(SUBSTITUTE(H4," ",""),"-",""))>=7,"OK","INVALID") -> OK | N4: =IF(E4="","NO_EXTRACT", IF(LOWER(TRIM(E4))=LOWER(TRIM(D4)),"MATCH","CHECK")) -> MATCH | O4: =IF(OR(K4="MISSING",L4="INVALID",M4="INVALID"),"ERROR","OK") -> OK | P4: =(K4="MISSING")*1 + (L4="INVALID")*1 + (M4="INVALID")*1 -> 0 | Q4: =YEAR(J4) & "-" & TEXT(MONTH(J4),"00") -> 2023-11 | R4: Planon | S4: =IF(tblChecks[[#This Row],[AnyError]]="ERROR",1,0) -> 0 | T4: =IF(tblChecks[[#This Row],[MissingStreet]]="MISSING",1,0) -> 0 | U4: =IF(K4="MISSING","MissingStreet", IF(L4="INVALID","PostalCode_INVALID", IF(M4="INVALID","Phone_INVALID","OK"))) -> OK
A5: =CleanedData!F5 -> PROP00004 | B5: =CleanedData!A5 -> ToulouseJeffery Parkways231, France | C5: =CleanedData!D5 -> France | D5: =CleanedData!E5 -> Toulouse | E5: =CleanedData!O5 -> Toulouse | F5: =CleanedData!M5 -> ToulouseJeffery Parkways231 | G5: =CleanedData!B5 -> 79408 | H5: =CleanedData!C5 -> +41-562032557 | I5: =CleanedData!G5 -> Inactive | J5: =CleanedData!H5 -> 45406 | K5: =IF(TRIM(F5)="","MISSING","OK") -> OK | L5: =IF(LEN(TRIM(G5))<3,"INVALID","OK") -> OK | M5: =IF(LEN(SUBSTITUTE(SUBSTITUTE(H5," ",""),"-",""))>=7,"OK","INVALID") -> OK | N5: =IF(E5="","NO_EXTRACT", IF(LOWER(TRIM(E5))=LOWER(TRIM(D5)),"MATCH","CHECK")) -> MATCH | O5: =IF(OR(K5="MISSING",L5="INVALID",M5="INVALID"),"ERROR","OK") -> OK | P5: =(K5="MISSING")*1 + (L5="INVALID")*1 + (M5="INVALID")*1 -> 0 | Q5: =YEAR(J5) & "-" & TEXT(MONTH(J5),"00") -> 2024-04 | R5: MDG | S5: =IF(tblChecks[[#This Row],[AnyError]]="ERROR",1,0) -> 0 | T5: =IF(tblChecks[[#This Row],[MissingStreet]]="MISSING",1,0) -> 0 | U5: =IF(K5="MISSING","MissingStreet", IF(L5="INVALID","PostalCode_INVALID", IF(M5="INVALID","Phone_INVALID","OK"))) -> OK
A6: =CleanedData!F6 -> PROP00005 | B6: =CleanedData!A6 -> AdelaideAnna Stravenue73, Australia | C6: =CleanedData!D6 -> Australia | D6: =CleanedData!E6 -> Adelaide | E6: =CleanedData!O6 -> Adelaide | F6: =CleanedData!M6 -> AdelaideAnna Stravenue73 | G6: =CleanedData!B6 -> 85682 | H6: =CleanedData!C6 -> +58-662081724 | I6: =CleanedData!G6 -> Active | J6: =CleanedData!H6 -> 44973 | K6: =IF(TRIM(F6)="","MISSING","OK") -> OK | L6: =IF(LEN(TRIM(G6))<3,"INVALID","OK") -> OK | M6: =IF(LEN(SUBSTITUTE(SUBSTITUTE(H6," ",""),"-",""))>=7,"OK","INVALID") -> OK | N6: =IF(E6="","NO_EXTRACT", IF(LOWER(TRIM(E6))=LOWER(TRIM(D6)),"MATCH","CHECK")) -> MATCH | O6: =IF(OR(K6="MISSING",L6="INVALID",M6="INVALID"),"ERROR","OK") -> OK | P6: =(K6="MISSING")*1 + (L6="INVALID")*1 + (M6="INVALID")*1 -> 0 | Q6: =YEAR(J6) & "-" & TEXT(MONTH(J6),"00") -> 2023-02 | R6: Salesforce | S6: =IF(tblChecks[[#This Row],[AnyError]]="ERROR",1,0) -> 0 | T6: =IF(tblChecks[[#This Row],[MissingStreet]]="MISSING",1,0) -> 0 | U6: =IF(K6="MISSING","MissingStreet", IF(L6="INVALID","PostalCode_INVALID", IF(M6="INVALID","Phone_INVALID","OK"))) -> OK
A7: =CleanedData!F7 -> PROP00006 | B7: =CleanedData!A7 -> USA, Phoenix | C7: =CleanedData!D7 -> USA | D7: =CleanedData!E7 -> Phoenix | E7: =CleanedData!O7 -> Phoenix | F7: =CleanedData!M7 -> Phoenix | G7: =CleanedData!B7 -> 36964 | H7: =CleanedData!C7 -> +75-783458296 | I7: =CleanedData!G7 -> Inactive | J7: =CleanedData!H7 -> 45086 | K7: =IF(TRIM(F7)="","MISSING","OK") -> OK | L7: =IF(LEN(TRIM(G7))<3,"INVALID","OK") -> OK | M7: =IF(LEN(SUBSTITUTE(SUBSTITUTE(H7," ",""),"-",""))>=7,"OK","INVALID") -> OK | N7: =IF(E7="","NO_EXTRACT", IF(LOWER(TRIM(E7))=LOWER(TRIM(D7)),"MATCH","CHECK")) -> MATCH | O7: =IF(OR(K7="MISSING",L7="INVALID",M7="INVALID"),"ERROR","OK") -> OK | P7: =(K7="MISSING")*1 + (L7="INVALID")*1 + (M7="INVALID")*1 -> 0 | Q7: =YEAR(J7) & "-" & TEXT(MONTH(J7),"00") -> 2023-06 | R7: Planon | S7: =IF(tblChecks[[#This Row],[AnyError]]="ERROR",1,0) -> 0 | T7: =IF(tblChecks[[#This Row],[MissingStreet]]="MISSING",1,0) -> 0 | U7: =IF(K7="MISSING","MissingStreet", IF(L7="INVALID","PostalCode_INVALID", IF(M7="INVALID","Phone_INVALID","OK"))) -> OK
A8: =CleanedData!F8 -> PROP00007 | B8: =CleanedData!A8 -> Katherine Estate 93, Germany, Cologne | C8: =CleanedData!D8 -> Germany | D8: =CleanedData!E8 -> Cologne | E8: =CleanedData!O8 -> Cologne | F8: =CleanedData!M8 -> Katherine Estate 93 | G8: =CleanedData!B8 -> 92007 | H8: =CleanedData!C8 -> +24-457327975 | I8: =CleanedData!G8 -> Active | J8: =CleanedData!H8 -> 45240 | K8: =IF(TRIM(F8)="","MISSING","OK") -> OK | L8: =IF(LEN(TRIM(G8))<3,"INVALID","OK") -> OK | M8: =IF(LEN(SUBSTITUTE(SUBSTITUTE(H8," ",""),"-",""))>=7,"OK","INVALID") -> OK | N8: =IF(E8="","NO_EXTRACT", IF(LOWER(TRIM(E8))=LOWER(TRIM(D8)),"MATCH","CHECK")) -> MATCH | O8: =IF(OR(K8="MISSING",L8="INVALID",M8="INVALID"),"ERROR","OK") -> OK | P8: =(K8="MISSING")*1 + (L8="INVALID")*1 + (M8="INVALID")*1 -> 0 | Q8: =YEAR(J8) & "-" & TEXT(MONTH(J8),"00") -> 2023-11 | R8: ServiceNow | S8: =IF(tblChecks[[#This Row],[AnyError]]="ERROR",1,0) -> 0 | T8: =IF(tblChecks[[#This Row],[MissingStreet]]="MISSING",1,0) -> 0 | U8: =IF(K8="MISSING","MissingStreet", IF(L8="INVALID","PostalCode_INVALID", IF(M8="INVALID","Phone_INVALID","OK"))) -> OK
A9: =CleanedData!F9 -> PROP00008 | B9: =CleanedData!A9 -> Peterson Drives 204, Germany, Cologne | C9: =CleanedData!D9 -> Germany | D9: =CleanedData!E9 -> Cologne | E9: =CleanedData!O9 -> Cologne | F9: =CleanedData!M9 -> Peterson Drives 204 | G9: =CleanedData!B9 -> 28722 | H9: =CleanedData!C9 -> +49-576610421 | I9: =CleanedData!G9 -> Active | J9: =CleanedData!H9 -> 44972 | K9: =IF(TRIM(F9)="","MISSING","OK") -> OK | L9: =IF(LEN(TRIM(G9))<3,"INVALID","OK") -> OK | M9: =IF(LEN(SUBSTITUTE(SUBSTITUTE(H9," ",""),"-",""))>=7,"OK","INVALID") -> OK | N9: =IF(E9="","NO_EXTRACT", IF(LOWER(TRIM(E9))=LOWER(TRIM(D9)),"MATCH","CHECK")) -> MATCH | O9: =IF(OR(K9="MISSING",L9="INVALID",M9="INVALID"),"ERROR","OK") -> OK | P9: =(K9="MISSING")*1 + (L9="INVALID")*1 + (M9="INVALID")*1 -> 0 | Q9: =YEAR(J9) & "-" & TEXT(MONTH(J9),"00") -> 2023-02 | R9: SAP | S9: =IF(tblChecks[[#This Row],[AnyError]]="ERROR",1,0) -> 0 | T9: =IF(tblChecks[[#This Row],[MissingStreet]]="MISSING",1,0) -> 0 | U9: =IF(K9="MISSING","MissingStreet", IF(L9="INVALID","PostalCode_INVALID", IF(M9="INVALID","Phone_INVALID","OK"))) -> OK
A10: =CleanedData!F10 -> PROP00009 | B10: =CleanedData!A10 -> SpainBarcelona, Spain | C10: =CleanedData!D10 -> Spain | D10: =CleanedData!E10 -> Barcelona | E10: =CleanedData!O10 -> Barcelona | F10: =CleanedData!M10 -> Spain | G10: =CleanedData!B10 -> 13177 | H10: =CleanedData!C10 -> +34-805788258 | I10: =CleanedData!G10 -> Inactive | J10: =CleanedData!H10 -> 45573 | K10: =IF(TRIM(F10)="","MISSING","OK") -> OK | L10: =IF(LEN(TRIM(G10))<3,"INVALID","OK") -> OK | M10: =IF(LEN(SUBSTITUTE(SUBSTITUTE(H10," ",""),"-",""))>=7,"OK","INVALID") -> OK | N10: =IF(E10="","NO_EXTRACT", IF(LOWER(TRIM(E10))=LOWER(TRIM(D10)),"MATCH","CHECK")) -> MATCH | O10: =IF(OR(K10="MISSING",L10="INVALID",M10="INVALID"),"ERROR","OK") -> OK | P10: =(K10="MISSING")*1 + (L10="INVALID")*1 + (M10="INVALID")*1 -> 0 | Q10: =YEAR(J10) & "-" & TEXT(MONTH(J10),"00") -> 2024-10 | R10: SAP | S10: =IF(tblChecks[[#This Row],[AnyError]]="ERROR",1,0) -> 0 | T10: =IF(tblChecks[[#This Row],[MissingStreet]]="MISSING",1,0) -> 0 | U10: =IF(K10="MISSING","MissingStreet", IF(L10="INVALID","PostalCode_INVALID", IF(M10="INVALID","Phone_INVALID","OK"))) -> OK
A11: =CleanedData!F11 -> PROP00010 | B11: =CleanedData!A11 -> Abbott Rapids 298, Brazil, Brasília | C11: =CleanedData!D11 -> Brazil | D11: =CleanedData!E11 -> Brasília | E11: =CleanedData!O11 -> Brasília | F11: =CleanedData!M11 -> Abbott Rapids 298 | G11: =CleanedData!B11 -> 35172 | H11: =CleanedData!C11 -> +74-707015923 | I11: =CleanedData!G11 -> Active | J11: =CleanedData!H11 -> 45768 | K11: =IF(TRIM(F11)="","MISSING","OK") -> OK | L11: =IF(LEN(TRIM(G11))<3,"INVALID","OK") -> OK | M11: =IF(LEN(SUBSTITUTE(SUBSTITUTE(H11," ",""),"-",""))>=7,"OK","INVALID") -> OK | N11: =IF(E11="","NO_EXTRACT", IF(LOWER(TRIM(E11))=LOWER(TRIM(D11)),"MATCH","CHECK")) -> MATCH | O11: =IF(OR(K11="MISSING",L11="INVALID",M11="INVALID"),"ERROR","OK") -> OK | P11: =(K11="MISSING")*1 + (L11="INVALID")*1 + (M11="INVALID")*1 -> 0 | Q11: =YEAR(J11) & "-" & TEXT(MONTH(J11),"00") -> 2025-04 | R11: MDG | S11: =IF(tblChecks[[#This Row],[AnyError]]="ERROR",1,0) -> 0 | T11: =IF(tblChecks[[#This Row],[MissingStreet]]="MISSING",1,0) -> 0 | U11: =IF(K11="MISSING","MissingStreet", IF(L11="INVALID","PostalCode_INVALID", IF(M11="INVALID","Phone_INVALID","OK"))) -> OK
A12: =CleanedData!F12 -> PROP00011 | B12: =CleanedData!A12 -> Australia, Perth | C12: =CleanedData!D12 -> Australia | D12: =CleanedData!E12 -> Perth | E12: =CleanedData!O12 -> Perth | F12: =CleanedData!M12 -> Perth | G12: =CleanedData!B12 -> 16862 | H12: =CleanedData!C12 -> +19-563762604 | I12: =CleanedData!G12 -> Active | J12: =CleanedData!H12 -> 44924 | K12: =IF(TRIM(F12)="","MISSING","OK") -> OK | L12: =IF(LEN(TRIM(G12))<3,"INVALID","OK") -> OK | M12: =IF(LEN(SUBSTITUTE(SUBSTITUTE(H12," ",""),"-",""))>=7,"OK","INVALID") -> OK | N12: =IF(E12="","NO_EXTRACT", IF(LOWER(TRIM(E12))=LOWER(TRIM(D12)),"MATCH","CHECK")) -> MATCH | O12: =IF(OR(K12="MISSING",L12="INVALID",M12="INVALID"),"ERROR","OK") -> OK | P12: =(K12="MISSING")*1 + (L12="INVALID")*1 + (M12="INVALID")*1 -> 0 | Q12: =YEAR(J12) & "-" & TEXT(MONTH(J12),"00") -> 2022-12 | R12: SAP | S12: =IF(tblChecks[[#This Row],[AnyError]]="ERROR",1,0) -> 0 | T12: =IF(tblChecks[[#This Row],[MissingStreet]]="MISSING",1,0) -> 0 | U12: =IF(K12="MISSING","MissingStreet", IF(L12="INVALID","PostalCode_INVALID", IF(M12="INVALID","Phone_INVALID","OK"))) -> OK
A13: =CleanedData!F13 -> PROP00012 | B13: =CleanedData!A13 -> CanadaOttawa | C13: =CleanedData!D13 -> Canada | D13: =CleanedData!E13 -> Ottawa | E13: =CleanedData!O13 -> Ottawa | F13: =CleanedData!M13 | G13: =CleanedData!B13 -> 82898 | H13: =CleanedData!C13 -> +76-641811982 | I13: =CleanedData!G13 -> Active | J13: =CleanedData!H13 -> 45943 | K13: =IF(TRIM(F13)="","MISSING","OK") -> MISSING | L13: =IF(LEN(TRIM(G13))<3,"INVALID","OK") -> OK | M13: =IF(LEN(SUBSTITUTE(SUBSTITUTE(H13," ",""),"-",""))>=7,"OK","INVALID") -> OK | N13: =IF(E13="","NO_EXTRACT", IF(LOWER(TRIM(E13))=LOWER(TRIM(D13)),"MATCH","CHECK")) -> MATCH | O13: =IF(OR(K13="MISSING",L13="INVALID",M13="INVALID"),"ERROR","OK") -> ERROR | P13: =(K13="MISSING")*1 + (L13="INVALID")*1 + (M13="INVALID")*1 -> 1 | Q13: =YEAR(J13) & "-" & TEXT(MONTH(J13),"00") -> 2025-10 | R13: Salesforce | S13: =IF(tblChecks[[#This Row],[AnyError]]="ERROR",1,0) -> 1 | T13: =IF(tblChecks[[#This Row],[MissingStreet]]="MISSING",1,0) -> 1 | U13: =IF(K13="MISSING","MissingStreet", IF(L13="INVALID","PostalCode_INVALID", IF(M13="INVALID","Phone_INVALID","OK"))) -> MissingStreet
... A501: =CleanedData!F501 -> PROP00500 | B501: =CleanedData!A501 -> Montgomery Burgs146, Adelaide, Australia | C501: =CleanedData!D501 -> Australia | D501: =CleanedData!E501 -> Adelaide | E501: =CleanedData!O501 -> Adelaide | F501: =CleanedData!M501 -> Montgomery Burgs146 | G501: =CleanedData!B501 -> 65779 | H501: =CleanedData!C501 -> +21-283047445 | I501: =CleanedData!G501 -> Inactive | J501: =CleanedData!H501 -> 45625 | K501: =IF(TRIM(F501)="","MISSING","OK") -> OK | L501: =IF(LEN(TRIM(G501))<3,"INVALID","OK") -> OK | M501: =IF(LEN(SUBSTITUTE(SUBSTITUTE(H501," ",""),"-",""))>=7,"OK","INVALID") -> OK | N501: =IF(E501="","NO_EXTRACT", IF(LOWER(TRIM(E501))=LOWER(TRIM(D501)),"MATCH","CHECK")) -> MATCH | O501: =IF(OR(K501="MISSING",L501="INVALID",M501="INVALID"),"ERROR","OK") -> OK | P501: =(K501="MISSING")*1 + (L501="INVALID")*1 + (M501="INVALID")*1 -> 0 | Q501: =YEAR(J501) & "-" & TEXT(MONTH(J501),"00") -> 2024-11 | R501: Planon | S501: =IF(tblChecks[[#This Row],[AnyError]]="ERROR",1,0) -> 0 | T501: =IF(tblChecks[[#This Row],[MissingStreet]]="MISSING",1,0) -> 0 | U501: =IF(K501="MISSING","MissingStreet", IF(L501="INVALID","PostalCode_INVALID", IF(M501="INVALID","Phone_INVALID","OK"))) -> OK

Sheet ErrorsByCountry
A2: Row Labels | B2: Sum of IsError
A3: France | B3: 10
A4: Canada | B4: 10
A5: Australia | B5: 9
A6: Germany | B6: 9
A7: Italy | B7: 8
A8: UK | B8: 6
A9: Japan | B9: 6
A10: USA | B10: 5
A11: Spain | B11: 3
A12: Brazil | B12: 2
A13: Grand Total | B13: 68

Sheet TopErrorTypes
A2: Row Labels | B2: Count of ErrorType
A3: MissingStreet | B3: 68
A4: Grand Total | B4: 68

Sheet TrendErrorsByMonth
A2: Row Labels | B2: Sum of IsError
A3: 2022-11 | B3: 1
A4: 2022-12 | B4: 0
A5: 2023-01 | B5: 1
A6: 2023-02 | B6: 1
A7: 2023-03 | B7: 1
A8: 2023-04 | B8: 3
A9: 2023-05 | B9: 1
A10: 2023-06 | B10: 5
A11: 2023-07 | B11: 6
A12: 2023-08 | B12: 2
A13: 2023-09 | B13: 1
A14: 2023-10 | B14: 4
... A40: Grand Total | B40: 68

Sheet ErrorsByStatus
A2: Row Labels | B2: Count of AnyError
A3: Active | B3: 242
A4: Inactive | B4: 258
A5: Grand Total | B5: 500

Sheet Dashboard
